Ward,Searches,Searches which got estimate,Searches for Quotes,Searches which got Quotes,Bookings,Completed Trips,Search-to-estimate Rate,Estimate-to-search for quotes Rate,Quote Acceptance Rate,Quote-to-booking Rate,Cancelled Bookings,Booking Cancellation Rate,Conversion Rate,Drivers' Earnings,Average Distance per Trip (km),Average Fare per Trip,Distance Travelled (km)
Other Wards,"18,99,173","16,33,267","11,12,567","5,66,885","5,51,607","3,37,018",86.00%,68.10%,50.90%,97.30%,"2,14,504",38.90%,17.80%,"₹6,97,46,770",11.3,₹191.87,"42,05,611"
Shantala Nagar,"15,57,561","15,41,007","13,34,706","5,31,264","5,19,545","2,86,432",98.90%,86.60%,39.80%,97.80%,"2,32,893",44.80%,18.40%,"₹4,40,51,371",8.3,₹155.65,"24,20,671"
Agara,"8,45,015","8,33,797","7,16,059","3,35,225","3,25,609","2,13,701",98.70%,85.90%,46.80%,97.10%,"1,11,839",34.40%,25.30%,"₹3,06,63,320",8.1,₹148.12,"17,12,165"
Koramangala,"8,01,022","7,89,871","6,77,374","3,41,156","3,30,424","2,13,378",98.60%,85.80%,50.40%,96.90%,"1,16,952",35.40%,26.60%,"₹2,87,50,146",7.3,₹136.12,"15,86,854"
Doddakanahalli,"11,61,827","11,46,281","9,73,960","3,68,738","3,61,350","2,13,091",98.70%,85.00%,37.90%,98.00%,"1,48,154",41.00%,18.30%,"₹3,64,56,999",9.5,₹170.58,"20,78,817"
Adugodi,"7,90,523","7,81,462","6,63,257","3,39,478","3,28,996","1,96,448",98.90%,84.90%,51.20%,96.90%,"1,32,273",40.20%,24.90%,"₹2,78,55,969",7.9,₹148.03,"14,94,421"
Suddagunte Palya,"8,81,664","8,69,968","7,50,118","3,47,683","3,38,152","1,85,654",98.70%,86.20%,46.40%,97.30%,"1,52,406",45.10%,21.10%,"₹2,49,97,105",7.4,₹136.11,"13,91,959"
Bellanduru,"9,38,139","9,27,170","8,04,810","2,80,980","2,75,137","1,57,418",98.80%,86.80%,34.90%,97.90%,"1,17,671",42.80%,16.80%,"₹2,77,55,435",10.1,₹179.87,"15,94,285"
Vasanth Nagar,"6,01,091","5,94,507","4,94,123","2,56,209","2,50,375","1,56,667",98.90%,83.10%,51.80%,97.70%,"93,652",37.40%,26.10%,"₹2,18,67,599",7.7,₹138.21,"12,52,510"
Hoysala Nagar,"4,57,219","4,52,195","3,80,891","2,04,133","1,99,883","1,31,211",98.90%,84.20%,53.60%,97.90%,"68,619",34.30%,28.70%,"₹1,75,37,958",7,₹132.10,"9,57,525"
Byrasandra,"3,97,894","3,92,604","3,18,764","1,92,320","1,87,931","1,26,137",98.70%,81.20%,60.30%,97.70%,"61,761",32.90%,31.70%,"₹1,52,46,537",6.4,₹117.63,"8,55,189"
Old Thippasandra,"4,20,429","4,15,485","3,58,431","1,97,720","1,93,526","1,25,512",98.80%,86.30%,55.20%,97.90%,"67,940",35.10%,29.80%,"₹1,75,85,804",7.5,₹140.61,"9,57,207"
Marathahalli,"7,61,424","7,53,035","6,33,183","2,32,101","2,27,340","1,23,219",98.90%,84.10%,36.70%,97.90%,"1,04,060",45.80%,16.20%,"₹2,21,29,599",10.4,₹189.35,"12,53,966"
Domlur,"4,65,712","4,60,645","3,98,002","1,95,811","1,91,792","1,23,183",98.90%,86.40%,49.20%,97.90%,"68,527",35.70%,26.50%,"₹1,75,08,484",7.8,₹148.81,"9,50,317"
Madivala,"5,18,719","5,10,412","4,26,243","2,08,931","2,03,228","1,17,969",98.40%,83.50%,49.00%,97.30%,"85,225",41.90%,22.70%,"₹1,49,16,788",7.2,₹134.63,"8,21,388"
Sampangiram Nagar,"5,55,631","5,48,830","4,60,643","2,12,784","2,08,578","1,10,048",98.80%,83.90%,46.20%,98.00%,"98,483",47.20%,19.80%,"₹1,66,49,102",8.6,₹152.35,"9,56,363"
Vinayakanagar,"3,77,049","3,72,118","3,06,772","1,78,712","1,74,421","1,08,960",98.70%,82.40%,58.30%,97.60%,"65,406",37.50%,28.90%,"₹1,48,00,539",7.5,₹135.06,"8,30,757"
J P Nagar,"3,49,209","3,44,876","2,80,504","1,73,118","1,68,798","1,08,585",98.80%,81.30%,61.70%,97.50%,"60,152",35.60%,31.10%,"₹1,36,61,436",7.3,₹132.51,"7,61,077"
HRBR Layout,"2,94,526","2,92,014","2,34,110","1,61,504","1,58,689","1,08,389",99.20%,80.20%,69.00%,98.30%,"50,267",31.70%,36.80%,"₹1,42,55,144",7.2,₹130.76,"7,98,450"
Aramane Nagara,"3,36,446","3,32,196","2,52,481","1,71,321","1,66,313","1,07,031",98.70%,76.00%,67.90%,97.10%,"59,261",35.60%,31.80%,"₹1,50,59,653",8,₹140.24,"8,71,008"
Gandhinagar,"3,45,465","3,39,654","2,38,407","1,75,949","1,71,616","1,06,425",98.30%,70.20%,73.80%,97.50%,"65,145",38.00%,30.80%,"₹1,63,44,470",8.1,₹143.39,"9,34,469"
Jakkuru,"3,86,231","3,82,050","2,94,894","1,75,771","1,71,473","1,03,790",98.90%,77.20%,59.60%,97.60%,"67,670",39.50%,26.90%,"₹1,77,51,141",10.5,₹180.97,"10,45,249"
Ejipura,"4,05,533","3,99,505","3,35,126","1,74,562","1,70,399","1,02,498",98.50%,83.90%,52.10%,97.60%,"67,838",39.80%,25.30%,"₹1,34,05,694",7.2,₹132.85,"7,36,652"
Whitefield,"5,43,331","5,36,450","4,39,520","1,70,981","1,67,230","1,00,611",98.70%,81.90%,38.90%,97.80%,"66,601",39.80%,18.50%,"₹1,82,26,225",10.3,₹181.05,"10,57,492"
Munnekollala,"6,68,062","6,58,559","5,53,395","1,85,412","1,81,083","1,00,575",98.60%,84.00%,33.50%,97.70%,"80,477",44.40%,15.00%,"₹1,82,88,880",10.1,₹179.33,"10,52,706"
Jeevanbhima Nagar,"4,48,748","4,43,346","3,81,990","1,72,301","1,67,694","99,877",98.80%,86.20%,45.10%,97.30%,"67,792",40.40%,22.30%,"₹1,54,49,428",8.7,₹156.40,"8,75,195"
HSR - Singasandra,"4,24,513","4,18,532","3,47,284","1,62,563","1,58,213","91,428",98.60%,83.00%,46.80%,97.30%,"66,746",42.20%,21.50%,"₹1,36,23,856",8.5,₹152.49,"7,72,519"
Kempapura,"2,80,710","2,77,864","2,13,768","1,42,847","1,39,151","88,205",99.00%,76.90%,66.80%,97.40%,"50,930",36.60%,31.40%,"₹1,36,92,910",8.7,₹152.04,"7,99,710"
Shakambari Nagar,"2,59,402","2,56,153","1,99,136","1,33,472","1,30,079","88,108",98.80%,77.70%,67.00%,97.50%,"41,947",32.30%,34.00%,"₹1,04,54,569",6.7,₹120.87,"5,85,460"
New Thippasandra,"3,39,850","3,35,120","2,83,349","1,32,136","1,29,122","84,484",98.60%,84.60%,46.60%,97.70%,"44,611",34.50%,24.90%,"₹1,24,92,673",8.3,₹150.95,"7,06,587"
BTM Layout,"4,06,432","4,00,591","3,34,093","1,48,287","1,44,070","82,854",98.60%,83.40%,44.40%,97.20%,"61,187",42.50%,20.40%,"₹1,09,39,816",7.6,₹137.99,"6,08,057"
C V Raman Nagar,"3,81,806","3,77,694","3,04,821","1,41,989","1,39,387","82,070",98.90%,80.70%,46.60%,98.20%,"57,289",41.10%,21.50%,"₹1,21,07,342",8,₹144.15,"6,84,517"
N S Palya,"3,19,747","3,14,941","2,60,510","1,29,898","1,26,252","80,871",98.50%,82.70%,49.90%,97.20%,"45,357",35.90%,25.30%,"₹1,07,12,800",7.4,₹134.97,"5,99,884"
Ulsoor,"3,71,004","3,66,632","3,18,421","1,40,017","1,37,476","80,816",98.80%,86.90%,44.00%,98.20%,"56,627",41.20%,21.80%,"₹1,17,55,219",8.2,₹147.64,"6,63,216"
Hudi,"3,86,320","3,81,721","3,09,303","1,42,499","1,39,848","80,216",98.80%,81.00%,46.10%,98.10%,"59,603",42.60%,20.80%,"₹1,46,53,615",10.6,₹186.04,"8,48,662"
AECS Layout,"4,52,366","4,47,170","3,66,969","1,38,441","1,35,751","79,412",98.90%,82.10%,37.70%,98.10%,"56,316",41.50%,17.50%,"₹1,36,18,304",9.7,₹175.19,"7,76,509"
Sarakki,"2,22,863","2,20,208","1,75,240","1,21,639","1,18,457","77,356",98.80%,79.60%,69.40%,97.40%,"41,058",34.70%,34.70%,"₹93,92,828",6.5,₹118.68,"5,17,466"
Dodda Nekkundi,"4,07,682","4,02,661","3,31,743","1,31,088","1,28,254","76,079",98.80%,82.40%,39.50%,97.80%,"52,149",40.70%,18.70%,"₹1,34,71,469",9.7,₹171.65,"7,79,101"
Jnana Bharathi,"1,98,398","1,95,826","1,39,378","1,12,870","1,10,298","75,369",98.70%,71.20%,81.00%,97.70%,"34,916",31.70%,38.00%,"₹99,83,319",7.6,₹132.20,"5,82,939"
Ibluru,"3,64,354","3,59,439","3,09,339","1,24,397","1,21,505","75,191",98.70%,86.10%,40.20%,97.70%,"46,292",38.10%,20.60%,"₹1,18,05,883",8.9,₹159.62,"6,69,344"
Subramanyapura,"2,23,005","2,20,047","1,66,267","1,14,047","1,10,977","75,025",98.70%,75.60%,68.60%,97.30%,"35,941",32.40%,33.60%,"₹1,06,06,296",7.7,₹133.64,"6,19,452"
Banasavadi,"2,45,968","2,43,366","1,96,332","1,14,547","1,11,800","73,726",98.90%,80.70%,58.30%,97.60%,"38,056",34.00%,30.00%,"₹1,07,64,760",7.8,₹139.16,"6,18,753"
Rajarajeshwari Nagar,"1,90,428","1,87,961","1,31,111","1,08,335","1,05,308","73,373",98.70%,69.80%,82.60%,97.20%,"31,930",30.30%,38.50%,"₹1,08,47,640",8,₹137.83,"6,41,580"
Hulimavu,"2,59,237","2,55,661","2,03,911","1,16,173","1,13,116","73,331",98.60%,79.80%,57.00%,97.40%,"39,765",35.10%,28.30%,"₹1,07,78,064",8.4,₹148.37,"6,16,609"
Kalena Agrahara,"3,04,050","2,98,741","2,38,200","1,15,463","1,12,556","72,522",98.30%,79.70%,48.50%,97.50%,"40,018",35.50%,23.80%,"₹1,25,48,068",9.9,₹171.62,"7,36,255"
Hennur,"2,47,744","2,45,102","1,88,305","1,18,208","1,15,797","72,447",98.90%,76.80%,62.80%,98.00%,"43,331",37.40%,29.20%,"₹1,04,06,216",8.4,₹147.83,"5,98,126"
Horamavu,"2,71,554","2,68,707","2,10,710","1,19,115","1,16,437","71,795",99.00%,78.40%,56.50%,97.80%,"44,638",38.30%,26.40%,"₹1,18,85,655",9.6,₹166.04,"6,97,447"
Vishveshwara Puram,"2,39,952","2,37,555","1,80,630","1,14,062","1,11,525","71,331",99.00%,76.00%,63.10%,97.80%,"40,175",36.00%,29.70%,"₹85,97,303",6.3,₹115.98,"4,88,086"
Rupenaagrahara,"3,12,665","3,08,375","2,57,089","1,24,097","1,20,761","68,670",98.60%,83.40%,48.30%,97.30%,"52,069",43.10%,22.00%,"₹1,03,65,942",8.9,₹158.36,"5,92,225"
Pulikeshinagar,"2,20,363","2,18,048","1,80,248","1,05,566","1,03,696","67,853",99.00%,82.70%,58.60%,98.20%,"35,800",34.50%,30.80%,"₹84,15,205",7,₹128.11,"4,64,743"
Mahadevapura,"3,34,739","3,30,957","2,71,704","1,16,155","1,13,999","67,108",98.90%,82.10%,42.80%,98.10%,"46,866",41.10%,20.10%,"₹1,07,64,565",8.8,₹158.03,"6,14,465"
Jogupalya,"2,26,979","2,23,975","1,91,653","1,00,883","98,685","65,052",98.70%,85.60%,52.60%,97.80%,"33,619",34.10%,28.70%,"₹85,65,079",7.4,₹134.97,"4,78,091"
Kalkere,"2,75,182","2,72,034","2,18,355","1,07,395","1,05,207","64,967",98.90%,80.30%,49.20%,98.00%,"40,223",38.20%,23.60%,"₹1,10,06,893",9.1,₹159.37,"6,37,645"
Hemmigepura,"2,04,247","1,99,613","1,38,535","99,158","96,931","64,450",97.70%,69.40%,71.60%,97.80%,"32,466",33.50%,31.60%,"₹96,37,120",8.3,₹144.36,"5,70,629"
Konena Agrahara,"2,73,245","2,69,586","2,29,448","1,03,169","1,01,125","63,865",98.70%,85.10%,45.00%,98.00%,"37,247",36.80%,23.40%,"₹96,57,243",8.2,₹149.96,"5,47,157"
Belathur,"2,77,263","2,73,044","2,06,377","1,04,771","1,02,457","62,873",98.50%,75.60%,50.80%,97.80%,"39,534",38.60%,22.70%,"₹1,14,22,071",10.7,₹186.72,"6,67,694"
Byatarayanapura,"1,88,666","1,86,240","1,40,538","97,345","94,772","62,415",98.70%,75.50%,69.30%,97.40%,"32,354",34.10%,33.10%,"₹1,00,52,037",9.2,₹159.74,"5,92,123"
Konanakunte,"1,79,149","1,77,104","1,34,795","94,288","91,846","59,580",98.90%,76.10%,70.00%,97.40%,"32,238",35.10%,33.30%,"₹77,32,242",6.9,₹123.77,"4,38,384"
Kadu Malleshwara,"1,43,554","1,41,206","1,07,399","84,757","82,742","59,493",98.40%,76.10%,78.90%,97.60%,"23,235",28.10%,41.40%,"₹77,46,338",7.4,₹128.84,"4,51,293"
Sunkenahalli,"1,60,560","1,58,579","1,23,674","90,634","88,517","59,464",98.80%,78.00%,73.30%,97.70%,"29,031",32.80%,37.00%,"₹72,89,402",6.4,₹116.01,"4,17,974"
Babusab Palya,"2,33,398","2,30,791","1,88,131","97,959","95,826","58,900",98.90%,81.50%,52.10%,97.80%,"36,908",38.50%,25.20%,"₹87,74,713",7.8,₹140.25,"5,02,766"
Subhash Nagar,"1,94,944","1,91,846","1,32,800","1,01,360","98,952","58,763",98.40%,69.20%,76.30%,97.60%,"40,157",40.60%,30.10%,"₹93,54,107",8.7,₹151.75,"5,36,228"
Kogilu,"1,89,385","1,86,727","1,26,209","93,054","90,254","58,573",98.60%,67.60%,73.70%,97.00%,"31,687",35.10%,30.90%,"₹1,18,48,453",12.5,₹210.77,"7,16,386"
Radhakrishna Temple Ward,"1,48,374","1,46,739","1,12,682","88,082","85,389","58,070",98.90%,76.80%,78.20%,96.90%,"27,303",32.00%,39.10%,"₹81,48,126",7.5,₹131.76,"4,71,655"
Bilekhalli,"2,31,075","2,27,668","1,88,448","88,937","86,748","54,951",98.50%,82.80%,47.20%,97.50%,"31,779",36.60%,23.80%,"₹79,43,834",8,₹144.16,"4,51,931"
Nagapura,"1,41,483","1,39,368","98,030","82,624","80,660","54,679",98.50%,70.30%,84.30%,97.60%,"25,964",32.20%,38.60%,"₹70,22,651",7.1,₹124.44,"4,03,856"
Arakere,"1,95,559","1,93,102","1,54,164","84,275","82,042","54,476",98.70%,79.80%,54.70%,97.40%,"27,555",33.60%,27.90%,"₹79,68,379",8.4,₹148.10,"4,57,966"
Devasandra,"2,14,927","2,12,924","1,75,837","93,660","92,088","53,059",99.10%,82.60%,53.30%,98.30%,"38,987",42.30%,24.70%,"₹88,99,576",8.8,₹159.12,"4,93,204"
Amrutahalli,"1,75,369","1,73,387","1,31,557","85,364","83,283","52,867",98.90%,75.90%,64.90%,97.60%,"30,405",36.50%,30.10%,"₹86,40,244",9.5,₹164.03,"5,07,488"
Hombegowda Nagara,"1,87,798","1,85,851","1,53,309","82,337","80,665","50,995",99.00%,82.50%,53.70%,98.00%,"29,658",36.80%,27.20%,"₹62,91,069",7,₹125.66,"3,53,327"
Sanjaya Nagar,"1,43,563","1,41,792","1,05,561","77,013","75,072","50,538",98.80%,74.40%,73.00%,97.50%,"24,522",32.70%,35.20%,"₹73,08,004",8.2,₹143.16,"4,26,660"
Subramanya Nagar,"1,42,344","1,40,117","1,02,989","81,836","79,836","50,249",98.40%,73.50%,79.50%,97.60%,"29,558",37.00%,35.30%,"₹71,27,909",7.5,₹132.40,"4,07,808"
Lingarajapura,"1,48,022","1,46,526","1,23,830","76,815","75,623","49,703",99.00%,84.50%,62.00%,98.40%,"25,904",34.30%,33.60%,"₹63,84,820",7.2,₹129.28,"3,58,627"
Dharmaraya Swamy Temple Ward,"2,22,495","2,20,121","1,80,069","94,411","92,450","48,775",98.90%,81.80%,52.40%,97.90%,"43,656",47.20%,21.90%,"₹71,30,464",8.8,₹154.13,"4,13,437"
Ganesh Mandir ward,"1,22,531","1,21,024","93,178","71,455","69,695","48,734",98.80%,77.00%,76.70%,97.50%,"20,957",30.10%,39.80%,"₹56,35,564",6.7,₹120.17,"3,19,789"
Jalakanteshwara Nagara,"2,17,463","2,14,377","1,80,971","74,335","73,168","48,553",98.60%,84.40%,41.10%,98.40%,"24,598",33.60%,22.30%,"₹72,54,247",8.3,₹148.83,"4,10,574"
Lal Bahadur Nagar,"1,88,641","1,86,477","1,47,157","75,925","74,255","48,533",98.90%,78.90%,51.60%,97.80%,"25,703",34.60%,25.70%,"₹68,98,160",7.9,₹142.39,"3,91,923"
Yediyur,"1,38,460","1,36,840","1,09,751","71,473","69,627","47,064",98.80%,80.20%,65.10%,97.40%,"22,549",32.40%,34.00%,"₹57,81,131",6.5,₹118.91,"3,27,960"
RBI layout,"1,55,449","1,53,431","1,24,163","70,922","69,364","46,048",98.70%,80.90%,57.10%,97.80%,"23,307",33.60%,29.60%,"₹64,26,182",7.6,₹132.42,"3,68,821"
Basavanagudi,"1,16,010","1,14,603","87,055","65,324","63,518","44,991",98.80%,76.00%,75.00%,97.20%,"18,517",29.10%,38.80%,"₹53,52,671",6.4,₹116.34,"3,06,093"
Ashoka Pillar,"1,51,317","1,49,550","1,21,406","70,882","69,290","44,973",98.80%,81.20%,58.40%,97.80%,"24,307",35.10%,29.70%,"₹54,49,922",6.7,₹121.67,"3,07,212"
Jakkasandra,"1,99,711","1,96,593","1,59,682","78,014","76,201","44,701",98.40%,81.20%,48.90%,97.70%,"31,482",41.30%,22.40%,"₹63,02,419",8,₹145.47,"3,56,147"
Shanthi Nagar,"1,86,037","1,83,777","1,57,108","72,458","70,847","44,565",98.80%,85.50%,46.10%,97.80%,"26,263",37.10%,23.90%,"₹53,49,209",6.6,₹121.30,"2,99,356"
Maruthi Seva Nagar,"1,48,230","1,46,698","1,21,932","71,221","70,022","44,454",99.00%,83.10%,58.40%,98.30%,"25,552",36.50%,30.00%,"₹61,64,541",7.9,₹141.39,"3,50,065"
A Narayanapura,"2,31,689","2,29,405","1,82,474","83,289","81,612","44,356",99.00%,79.50%,45.60%,98.00%,"37,241",45.60%,19.10%,"₹72,55,094",8.8,₹158.93,"4,10,861"
Hebbala,"1,26,940","1,25,781","96,094","67,153","65,709","43,385",99.10%,76.40%,69.90%,97.80%,"22,314",34.00%,34.20%,"₹62,66,072",8.1,₹141.77,"3,64,225"
Vasanthpura,"1,25,962","1,24,260","92,596","65,752","64,066","43,364",98.70%,74.50%,71.00%,97.40%,"20,694",32.30%,34.40%,"₹57,10,660",7.3,₹129.03,"3,29,006"
Chunchaghatta,"1,39,583","1,37,833","1,06,745","63,124","61,714","42,386",98.80%,77.40%,59.10%,97.80%,"19,327",31.30%,30.40%,"₹60,46,819",8.2,₹144.17,"3,49,366"
Kodigehalli,"1,21,301","1,20,129","91,017","65,248","63,655","42,163",99.00%,75.80%,71.70%,97.60%,"21,482",33.80%,34.80%,"₹62,67,871",7.9,₹138.02,"3,67,542"
Puttenahalli - Sarakki Lake,"1,36,470","1,34,558","1,06,413","66,151","64,529","41,998",98.60%,79.10%,62.20%,97.50%,"22,526",34.90%,30.80%,"₹56,05,593",7.7,₹135.07,"3,18,946"
Girinagar,"95,007","93,833","68,080","58,138","56,667","41,668",98.80%,72.60%,85.40%,97.50%,"14,993",26.50%,43.90%,"₹50,55,832",6.3,₹112.44,"2,92,455"
Veeramadakari,"1,31,868","1,30,397","96,514","66,267","64,414","41,334",98.90%,74.00%,68.70%,97.20%,"23,072",35.80%,31.30%,"₹54,87,227",7.4,₹128.70,"3,19,308"
Ganga Nagar,"1,12,097","1,10,936","84,824","61,294","59,916","40,292",99.00%,76.50%,72.30%,97.80%,"19,619",32.70%,35.90%,"₹53,33,736",7.1,₹126.69,"3,06,244"
Vidyaranyapura,"99,569","98,416","69,507","56,241","55,005","40,178",98.80%,70.60%,80.90%,97.80%,"14,817",26.90%,40.40%,"₹61,47,191",9.3,₹157.99,"3,64,137"
Uttarahalli,"1,18,135","1,16,704","87,939","61,142","59,274","40,064",98.80%,75.40%,69.50%,96.90%,"19,202",32.40%,33.90%,"₹52,08,188",7,₹124.97,"2,99,237"
Chatrapati Shivaji,"1,40,274","1,38,706","94,266","70,151","68,524","39,528",98.90%,68.00%,74.40%,97.70%,"28,979",42.30%,28.20%,"₹65,23,301",9.7,₹166.54,"3,78,855"
Vijnana Nagar,"1,82,005","1,79,391","1,50,396","60,144","59,156","39,242",98.60%,83.80%,40.00%,98.40%,"19,907",33.70%,21.60%,"₹62,11,970",8.9,₹158.22,"3,53,969"
Begur,"1,71,160","1,68,811","1,34,055","64,903","63,417","38,918",98.60%,79.40%,48.40%,97.70%,"24,494",38.60%,22.70%,"₹65,81,812",9.4,₹163.13,"3,84,292"
New Bayappanahalli,"1,63,714","1,61,864","1,34,917","66,057","64,746","38,664",98.90%,83.40%,49.00%,98.00%,"26,075",40.30%,23.60%,"₹54,01,033",8,₹142.69,"3,06,915"
Padmanabha Nagar,"1,00,520","99,226","75,475","55,877","54,113","37,986",98.70%,76.10%,74.00%,96.80%,"16,117",29.80%,37.80%,"₹45,57,013",6.1,₹109.42,"2,60,015"
Umamaheshwara Ward,"1,06,080","1,04,551","80,658","57,472","55,864","37,871",98.60%,77.10%,71.30%,97.20%,"17,985",32.20%,35.70%,"₹46,77,075",7.4,₹131.22,"2,65,997"
Malleswaram,"1,01,574","1,00,102","72,903","55,379","53,925","36,976",98.60%,72.80%,76.00%,97.40%,"16,938",31.40%,36.40%,"₹45,77,915",6.9,₹122.18,"2,63,282"
Yelahanka Satellite Town,"1,05,602","1,04,352","73,974","59,099","57,846","36,905",98.80%,70.90%,79.90%,97.90%,"20,927",36.20%,34.90%,"₹61,02,280",8.4,₹146.91,"3,62,577"
Hagadur,"1,78,798","1,75,562","1,37,138","62,257","60,947","36,793",98.20%,78.10%,45.40%,97.90%,"24,146",39.60%,20.60%,"₹69,24,557",10.3,₹179.56,"4,05,035"
Ramamurthy Nagara,"1,38,121","1,36,851","1,06,714","57,541","56,552","36,723",99.10%,78.00%,53.90%,98.30%,"19,819",35.00%,26.60%,"₹53,32,088",7.6,₹135.08,"3,05,592"
Chamrajapet,"1,20,423","1,18,897","89,555","62,184","60,729","36,201",98.70%,75.30%,69.40%,97.70%,"24,514",40.40%,30.10%,"₹46,31,831",6.8,₹120.66,"2,67,514"
Kacharkanahalli,"1,13,652","1,12,530","89,233","56,831","55,811","36,080",99.00%,79.30%,63.70%,98.20%,"19,715",35.30%,31.80%,"₹47,84,154",7.4,₹131.89,"2,72,009"
Kaval Bairasandra,"1,13,224","1,12,190","88,444","55,971","54,687","35,633",99.10%,78.80%,63.30%,97.70%,"19,044",34.80%,31.50%,"₹49,21,870",7.7,₹137.42,"2,82,853"
Anjanapura,"1,13,853","1,11,316","83,751","54,581","52,561","35,483",97.80%,75.20%,65.20%,96.30%,"17,074",32.50%,31.20%,"₹54,72,699",8.9,₹153.10,"3,21,305"
Devarachikkanahalli,"1,52,070","1,49,966","1,20,928","57,163","55,824","35,088",98.60%,80.60%,47.30%,97.70%,"20,728",37.10%,23.10%,"₹53,23,139",8.4,₹150.90,"3,05,794"
Varthuru,"2,44,872","2,34,415","1,93,492","57,630","56,517","33,745",95.70%,82.50%,29.80%,98.10%,"22,767",40.30%,13.80%,"₹71,23,850",11.3,₹197.28,"4,21,376"
Jayachamarajendra  Nagar,"98,878","97,742","76,098","52,022","50,898","33,715",98.90%,77.90%,68.40%,97.80%,"17,175",33.70%,34.10%,"₹45,55,849",7.4,₹130.49,"2,61,994"
Lakkasandra,"1,56,361","1,54,652","1,29,327","58,666","57,475","33,637",98.90%,83.60%,45.40%,98.00%,"23,828",41.50%,21.50%,"₹44,58,690",7.5,₹136.50,"2,52,724"
Shettihalli,"1,04,853","1,03,458","72,456","53,023","51,637","33,481",98.70%,70.00%,73.20%,97.40%,"18,148",35.10%,31.90%,"₹46,13,520",7.9,₹133.93,"2,72,828"
Katriguppe,"86,109","84,960","63,015","49,464","48,012","33,436",98.70%,74.20%,78.50%,97.10%,"14,568",30.30%,38.80%,"₹39,61,933",6,₹108.06,"2,26,682"
Dattatreya Temple,"85,848","84,361","63,258","48,972","47,953","33,435",98.30%,75.00%,77.40%,97.90%,"14,506",30.30%,39.00%,"₹42,94,825",6.7,₹120.14,"2,47,596"
Garudachar Playa,"1,50,827","1,49,354","1,23,107","60,386","59,209","33,183",99.00%,82.40%,49.00%,98.10%,"26,015",43.90%,22.00%,"₹56,61,001",9.8,₹174.29,"3,23,614"
Kumaraswamy Layout,"89,591","88,475","65,097","49,539","48,285","32,465",98.80%,73.60%,76.10%,97.50%,"15,813",32.80%,36.20%,"₹38,59,347",6.2,₹111.58,"2,19,104"
Attiguppe,"77,414","76,250","51,849","45,741","44,194","32,156",98.50%,68.00%,88.20%,96.60%,"12,027",27.20%,41.50%,"₹40,02,636",7.3,₹126.97,"2,31,525"
Neelasandra,"1,38,052","1,36,818","1,17,189","53,689","52,718","32,060",99.10%,85.70%,45.80%,98.20%,"20,641",39.10%,23.20%,"₹38,41,023",6.6,₹121.67,"2,11,588"
Jayamahal,"1,14,603","1,13,358","88,167","53,771","52,894","31,390",98.90%,77.80%,61.00%,98.40%,"21,495",40.60%,27.40%,"₹45,65,127",7.5,₹139.51,"2,53,740"
Sudham Nagara,"1,29,393","1,27,861","1,04,705","54,096","52,898","31,380",98.80%,81.90%,51.70%,97.80%,"21,503",40.60%,24.30%,"₹43,99,210",7.4,₹131.19,"2,52,682"
Gurappanapalya,"1,46,115","1,44,107","1,17,336","60,913","59,595","31,004",98.60%,81.40%,51.90%,97.80%,"28,579",48.00%,21.20%,"₹41,13,217",7.4,₹135.50,"2,30,858"
Kempegowda Ward,"1,29,204","1,26,973","90,447","52,232","51,180","30,745",98.30%,71.20%,57.80%,98.00%,"20,427",39.90%,23.80%,"₹56,55,939",12.3,₹206.54,"3,39,904"
Medahalli,"1,24,102","1,22,610","94,053","50,180","49,299","30,738",98.80%,76.70%,53.30%,98.20%,"18,553",37.60%,24.80%,"₹53,89,615",10.2,₹174.86,"3,16,312"
Kudlu,"1,57,071","1,54,391","1,29,652","50,368","49,319","30,512",98.30%,84.00%,38.90%,97.90%,"18,809",38.10%,19.40%,"₹51,19,106",9.8,₹170.76,"2,95,586"
Sir M. Vishweshwaraiah,"74,819","73,812","49,291","43,629","42,432","30,505",98.70%,66.80%,88.50%,97.30%,"11,922",28.10%,40.80%,"₹43,62,039",8.2,₹139.93,"2,60,318"
Thanisandra,"92,185","91,288","65,943","47,992","46,678","30,228",99.00%,72.20%,72.80%,97.30%,"16,443",35.20%,32.80%,"₹50,91,283",10.1,₹175.66,"3,01,039"
K R Puram,"1,46,325","1,44,634","1,07,199","53,930","52,958","30,142",98.80%,74.10%,50.30%,98.20%,"22,805",43.10%,20.60%,"₹49,40,785",8.6,₹153.84,"2,87,150"
Kanneshwara Rama,"83,098","82,131","60,667","45,321","44,265","29,519",98.80%,73.90%,74.70%,97.70%,"14,741",33.30%,35.50%,"₹39,51,875",7.1,₹124.34,"2,29,942"
Nalvadi Krishnaraja Wadior Park,"73,869","72,867","47,739","42,542","41,287","29,315",98.60%,65.50%,89.10%,97.00%,"11,972",29.00%,39.70%,"₹43,45,593",8.4,₹143.50,"2,59,489"
Mattikere,"78,783","77,741","55,627","44,258","43,130","29,188",98.70%,71.60%,79.60%,97.50%,"13,935",32.30%,37.00%,"₹37,46,354",7.2,₹127.02,"2,16,014"
Kuvempunagar,"90,387","89,306","64,030","45,886","44,478","28,979",98.80%,71.70%,71.70%,96.90%,"15,499",34.80%,32.10%,"₹44,71,071",9.5,₹160.42,"2,66,162"
Someshwara Nagar,"1,25,282","1,24,124","99,004","50,597","49,710","28,414",99.10%,79.80%,51.10%,98.20%,"21,284",42.80%,22.70%,"₹42,11,430",8.2,₹145.35,"2,44,246"
Someshwara Ward,"82,551","81,630","55,831","43,852","42,806","28,339",98.90%,68.40%,78.50%,97.60%,"14,463",33.80%,34.30%,"₹51,13,223",12.1,₹199.73,"3,08,353"
Ramaswamy Palya,"89,659","88,909","73,882","42,573","41,665","28,161",99.20%,83.10%,57.60%,97.90%,"13,498",32.40%,31.40%,"₹34,33,055",6.3,₹116.94,"1,93,381"
Basavanapura,"1,30,772","1,29,049","98,474","46,391","45,424","27,525",98.70%,76.30%,47.10%,97.90%,"17,898",39.40%,21.10%,"₹50,30,776",9.7,₹167.75,"2,96,487"
HAL Airport,"1,34,812","1,32,776","1,08,348","44,480","43,681","27,294",98.50%,81.60%,41.00%,98.20%,"16,383",37.50%,20.30%,"₹44,53,140",8.6,₹152.85,"2,56,879"
Vikram Nagar,"75,967","74,954","55,656","40,728","39,435","27,126",98.70%,74.30%,73.20%,96.80%,"12,304",31.20%,35.70%,"₹35,57,317",6.6,₹118.22,"2,04,492"
Vishwanath Nagenahalli,"89,832","89,003","68,777","41,979","41,249","26,720",99.10%,77.30%,61.00%,98.30%,"14,522",35.20%,29.70%,"₹37,77,718",7.6,₹137.27,"2,17,639"
Gottigere,"77,444","76,415","54,110","40,226","39,254","26,597",98.70%,70.80%,74.30%,97.60%,"12,655",32.20%,34.30%,"₹42,49,332",9.3,₹160.47,"2,48,994"
Hanumanth Nagar,"68,509","67,604","47,910","38,165","36,982","26,564",98.70%,70.90%,79.70%,96.90%,"10,411",28.10%,38.80%,"₹31,45,427",5.9,₹106.97,"1,80,141"
Okalipuram,"86,712","85,268","65,465","48,026","47,226","26,484",98.30%,76.80%,73.40%,98.30%,"20,730",43.90%,30.50%,"₹37,81,789",7.3,₹131.94,"2,13,667"
Bande Mutt,"93,524","91,980","57,412","41,498","40,413","26,235",98.40%,62.40%,72.30%,97.40%,"14,172",35.10%,28.10%,"₹39,69,011",9.4,₹157.74,"2,35,438"
Rajamahal Guttahalli,"72,233","71,178","54,715","38,189","37,294","26,075",98.50%,76.90%,69.80%,97.70%,"11,216",30.10%,36.10%,"₹32,28,237",6.9,₹124.57,"1,84,748"
Dodda Bommasandra,"79,641","78,694","56,802","39,936","39,071","25,789",98.80%,72.20%,70.30%,97.80%,"13,279",34.00%,32.40%,"₹37,93,737",9.2,₹156.40,"2,23,677"
Srinagar,"63,770","62,777","44,199","36,667","35,634","25,548",98.40%,70.40%,83.00%,97.20%,"10,078",28.30%,40.10%,"₹31,50,182",6.7,₹117.57,"1,82,497"
Sriramamandir,"63,977","62,879","44,286","37,117","36,259","25,518",98.30%,70.40%,83.80%,97.70%,"10,735",29.60%,39.90%,"₹32,40,052",7.6,₹131.05,"1,89,077"
Tilak Nagar,"1,07,927","1,06,816","88,033","44,757","43,573","25,512",99.00%,82.40%,50.80%,97.40%,"18,052",41.40%,23.60%,"₹31,66,169",7.1,₹130.86,"1,76,655"
Kengeri,"69,009","68,201","43,004","35,651","34,626","24,142",98.80%,63.10%,82.90%,97.10%,"10,483",30.30%,35.00%,"₹37,92,855",9.1,₹154.65,"2,27,175"
Hosakerehalli,"69,162","68,353","48,656","38,909","37,698","24,060",98.80%,71.20%,80.00%,96.90%,"13,636",36.20%,34.80%,"₹30,84,004",6.8,₹119.49,"1,79,054"
Ullal,"62,985","62,161","40,215","34,742","33,623","23,818",98.70%,64.70%,86.40%,96.80%,"9,801",29.10%,37.80%,"₹37,95,256",9.4,₹158.26,"2,28,853"
Manorayanapalya,"81,634","80,842","61,554","38,553","37,437","23,816",99.00%,76.10%,62.60%,97.10%,"13,613",36.40%,29.20%,"₹33,41,559",7.2,₹129.34,"1,91,828"
Chokkasandra,"86,127","85,438","65,156","42,406","41,530","23,724",99.20%,76.30%,65.10%,97.90%,"17,804",42.90%,27.60%,"₹24,68,632",4.7,₹89.76,"1,36,683"
Mangammanapalya,"1,02,492","1,00,951","81,001","42,681","41,647","23,665",98.50%,80.20%,52.70%,97.60%,"17,972",43.10%,23.10%,"₹35,94,950",8.6,₹154.94,"2,04,336"
Hampi Nagar,"58,675","57,821","39,821","34,585","33,364","23,484",98.50%,68.90%,86.90%,96.50%,"9,871",29.60%,40.00%,"₹30,71,151",6.9,₹120.28,"1,78,886"
Kamakya Nagar,"69,063","68,128","51,042","35,716","34,839","23,346",98.70%,74.90%,70.00%,97.50%,"11,491",33.00%,33.80%,"₹28,95,035",6.2,₹113.81,"1,65,218"
Naganathapura,"1,09,949","1,08,247","83,696","40,656","39,872","23,175",98.50%,77.30%,48.60%,98.10%,"16,695",41.90%,21.10%,"₹44,67,346",12,₹204.91,"2,64,459"
Marappana Palya,"72,426","71,362","44,875","36,430","35,557","22,985",98.50%,62.90%,81.20%,97.60%,"12,569",35.40%,31.70%,"₹30,09,173",7.2,₹127.13,"1,73,526"
Doddagollarahatti,"62,650","61,721","38,234","33,205","32,333","22,910",98.50%,61.90%,86.90%,97.40%,"9,416",29.10%,36.60%,"₹37,78,154",9.3,₹156.49,"2,29,329"
Nagarabhavi,"55,903","55,168","38,047","33,115","32,232","22,745",98.70%,69.00%,87.00%,97.30%,"9,481",29.40%,40.70%,"₹32,07,697",7.5,₹129.72,"1,89,712"
Vidyapeeta ward,"62,025","61,115","45,396","34,612","33,756","22,623",98.50%,74.30%,76.20%,97.50%,"11,126",33.00%,36.50%,"₹26,84,699",6.6,₹118.75,"1,52,576"
J P Park,"65,974","65,155","47,131","33,934","33,052","22,142",98.80%,72.30%,72.00%,97.40%,"10,906",33.00%,33.60%,"₹30,15,650",7.1,₹127.43,"1,75,948"
Marenahalli,"52,708","51,972","34,818","31,171","30,332","21,875",98.60%,67.00%,89.50%,97.30%,"8,451",27.90%,41.50%,"₹26,55,680",6.4,₹115.30,"1,53,332"
Atturu Layout,"66,251","65,344","43,535","33,470","32,587","21,819",98.60%,66.60%,76.90%,97.40%,"10,765",33.00%,32.90%,"₹37,76,030",10.2,₹172.60,"2,26,779"
T Dasarahalli,"67,550","66,804","46,585","35,894","35,049","21,562",98.90%,69.70%,77.00%,97.60%,"13,473",38.40%,31.90%,"₹25,41,501",6.5,₹116.10,"1,44,400"
Dr. Raj Kumar Ward,"54,949","54,132","37,466","31,248","30,418","21,076",98.50%,69.20%,83.40%,97.30%,"9,333",30.70%,38.40%,"₹27,10,930",7.6,₹132.82,"1,56,611"
Jaraganahalli,"68,801","67,886","52,789","35,280","34,284","21,026",98.70%,77.80%,66.80%,97.20%,"13,254",38.70%,30.60%,"₹24,37,670",6.6,₹120.17,"1,36,519"
Chamundi Nagara,"62,952","62,383","47,014","31,965","31,317","20,693",99.10%,75.40%,68.00%,98.00%,"10,622",33.90%,32.90%,"₹26,60,564",6.5,₹120.12,"1,50,927"
Gali Anjenaya Temple ward,"62,179","61,309","39,236","32,515","31,896","20,223",98.60%,64.00%,82.90%,98.10%,"11,665",36.60%,32.50%,"₹30,17,078",7.4,₹132,"1,73,585"
Chickpete,"1,05,571","1,03,728","84,004","53,094","52,245","20,074",98.30%,81.00%,63.20%,98.40%,"32,160",61.60%,19.00%,"₹33,53,052",9.4,₹162.70,"1,98,645"
Bommanahalli,"1,02,282","1,00,881","81,529","34,682","33,971","19,725",98.60%,80.80%,42.50%,97.90%,"14,236",41.90%,19.30%,"₹27,78,496",8.2,₹144.92,"1,57,092"
Rajaji Nagar,"49,507","48,743","32,244","28,085","27,372","19,360",98.50%,66.20%,87.10%,97.50%,"8,006",29.30%,39.10%,"₹25,03,973",7.1,₹126.23,"1,45,133"
Defence Colony,"66,367","65,700","45,857","33,389","32,785","19,264",99.00%,69.80%,72.80%,98.20%,"13,507",41.20%,29.00%,"₹23,36,686",6.1,₹112.74,"1,34,057"
Vannarapete,"60,492","59,890","48,220","29,228","28,584","19,097",99.00%,80.50%,60.60%,97.80%,"9,485",33.20%,31.60%,"₹23,69,590",7.1,₹129.16,"1,33,576"
Chanakya,"66,463","65,318","39,693","31,402","30,177","18,668",98.30%,60.80%,79.10%,96.10%,"11,506",38.10%,28.10%,"₹27,22,795",8.1,₹139.49,"1,58,268"
Gayithri Nagar,"48,009","47,207","31,850","26,643","26,045","18,479",98.30%,67.50%,83.70%,97.80%,"7,559",29.00%,38.50%,"₹22,49,953",7.1,₹123.63,"1,29,777"
Srinivasa Nagar,"46,317","45,773","31,396","25,880","25,250","18,457",98.80%,68.60%,82.40%,97.60%,"6,791",26.90%,39.90%,"₹21,91,904",7.1,₹123.96,"1,26,136"
Vijayanagara Krishnadevaraya,"50,316","49,702","32,283","27,865","27,097","18,329",98.80%,65.00%,86.30%,97.20%,"8,763",32.30%,36.40%,"₹24,58,756",7.2,₹125.80,"1,45,116"
Kammanahalli,"65,614","65,001","51,552","31,281","30,735","18,249",99.10%,79.30%,60.70%,98.30%,"12,477",40.60%,27.80%,"₹24,98,252",7.5,₹133.55,"1,42,805"
Agaram,"89,375","88,315","72,145","31,023","30,434","18,106",98.80%,81.70%,43.00%,98.10%,"12,322",40.50%,20.30%,"₹24,55,722",7.4,₹137.38,"1,37,046"
Kushal Nagar,"60,735","60,229","47,213","28,693","28,290","17,598",99.20%,78.40%,60.80%,98.60%,"10,688",37.80%,29.00%,"₹22,58,532",7.4,₹131.98,"1,28,532"
Kammagondanahalli,"54,207","53,590","37,745","26,629","26,052","17,428",98.90%,70.40%,70.50%,97.80%,"8,625",33.10%,32.10%,"₹27,30,659",8.3,₹142.27,"1,62,765"
Yelachenahalli,"57,932","57,152","42,633","29,316","28,651","16,915",98.70%,74.60%,68.80%,97.70%,"11,729",40.90%,29.20%,"₹21,58,366",7.1,₹127.25,"1,23,031"
Shivanagara,"40,242","39,645","26,924","23,534","22,985","16,748",98.50%,67.90%,87.40%,97.70%,"6,233",27.10%,41.60%,"₹20,89,995",7,₹125.77,"1,21,165"
Vijinapura,"73,764","72,986","56,646","28,211","27,763","16,737",99.00%,77.60%,49.80%,98.40%,"11,022",39.70%,22.70%,"₹24,54,512",7.7,₹138.85,"1,40,398"
Veerabhadranagar,"49,885","49,279","34,613","26,965","26,273","16,735",98.80%,70.20%,77.90%,97.40%,"9,531",36.30%,33.60%,"₹19,07,548",6.8,₹120.33,"1,08,689"
Deen Dayalu Ward,"53,258","52,643","36,460","27,068","26,321","16,695",98.90%,69.30%,74.20%,97.20%,"9,623",36.60%,31.40%,"₹20,79,501",6.3,₹111.91,"1,19,319"
Basaveshwara Nagar,"37,235","36,552","24,982","22,779","22,141","16,503",98.20%,68.30%,91.20%,97.20%,"5,633",25.40%,44.30%,"₹20,80,952",7.1,₹121.94,"1,21,841"
Mahalakshimpuram,"40,817","40,155","27,344","23,844","23,296","16,391",98.40%,68.10%,87.20%,97.70%,"6,897",29.60%,40.20%,"₹20,55,456",7.1,₹124.32,"1,19,406"
Peenya,"55,621","54,845","38,018","27,949","27,306","15,925",98.60%,69.30%,73.50%,97.70%,"11,373",41.60%,28.60%,"₹21,50,145",8.6,₹146.51,"1,26,379"
Vidyamanyanagar,"47,702","47,082","29,734","24,610","23,579","15,833",98.70%,63.20%,82.80%,95.80%,"7,744",32.80%,33.20%,"₹25,46,832",8.5,₹143.82,"1,53,873"
Maruthi Mandir ward,"37,737","37,224","24,753","22,228","21,481","15,688",98.60%,66.50%,89.80%,96.60%,"5,787",26.90%,41.60%,"₹21,02,735",7,₹124.80,"1,23,066"
Govindaraja Nagar,"35,720","35,157","23,157","21,286","20,719","15,637",98.40%,65.90%,91.90%,97.30%,"5,081",24.50%,43.80%,"₹20,46,473",8.1,₹138.85,"1,20,105"
Bharathi Nagar,"62,918","62,275","50,939","28,258","27,890","15,319",99.00%,81.80%,55.50%,98.70%,"12,561",45.00%,24.30%,"₹19,66,112",7.5,₹137.23,"1,10,378"
Chowdeswari Ward,"56,345","55,247","36,893","25,754","24,974","15,258",98.00%,66.80%,69.80%,97.00%,"9,712",38.90%,27.10%,"₹31,67,576",11,₹183.46,"1,93,541"
Kamakshipalya,"36,054","35,488","23,306","21,181","20,736","15,154",98.40%,65.70%,90.90%,97.90%,"5,580",26.90%,42.00%,"₹19,92,539",6.6,₹116.08,"1,17,008"
Kadugondanahalli,"52,376","51,969","39,837","24,864","24,381","14,743",99.20%,76.70%,62.40%,98.10%,"9,634",39.50%,28.10%,"₹19,28,570",6.1,₹114.06,"1,09,573"
Sagayarapuram,"56,119","55,619","45,183","25,085","24,764","14,733",99.10%,81.20%,55.50%,98.70%,"10,022",40.50%,26.30%,"₹17,84,045",7.5,₹135.70,"99,060"
Avalahalli,"41,210","40,616","28,527","23,146","22,461","14,655",98.60%,70.20%,81.10%,97.00%,"7,798",34.70%,35.60%,"₹19,83,794",7.1,₹124.91,"1,14,831"
Banashankari Temple ward,"52,841","52,172","36,951","24,645","24,118","14,126",98.70%,70.80%,66.70%,97.90%,"9,987",41.40%,26.70%,"₹15,32,629",5.8,₹108.11,"84,624"
Shankar Matt,"34,066","33,514","22,360","19,867","19,301","13,609",98.40%,66.70%,88.80%,97.20%,"5,690",29.50%,40.00%,"₹17,03,753",6.5,₹115.80,"99,481"
Hosahalli,"34,380","33,868","23,301","20,124","19,480","13,552",98.50%,68.80%,86.40%,96.80%,"5,928",30.40%,39.40%,"₹17,68,225",7.2,₹124.58,"1,03,505"
Kadugodi,"71,383","69,948","51,487","23,491","22,893","13,402",98.00%,73.60%,45.60%,97.50%,"9,488",41.40%,18.80%,"₹27,11,566",11.1,₹189.73,"1,61,844"
Bagalakunte,"46,611","46,162","30,863","21,479","21,022","13,241",99.00%,66.90%,69.60%,97.90%,"7,773",37.00%,28.40%,"₹17,84,009",7.8,₹137.20,"1,04,402"
Nelagadderanahalli,"42,339","41,842","31,162","20,497","20,019","12,514",98.80%,74.50%,65.80%,97.70%,"7,503",37.50%,29.60%,"₹17,06,553",6.9,₹119.77,"1,00,602"
Vijayanagar,"33,585","33,144","22,716","18,536","18,021","12,227",98.70%,68.50%,81.60%,97.20%,"5,789",32.10%,36.40%,"₹13,78,682",6.7,₹117.81,"78,031"
Dodda Bidarakallu,"46,817","46,118","29,558","20,582","19,924","12,016",98.50%,64.10%,69.60%,96.80%,"7,905",39.70%,25.70%,"₹19,81,012",9.7,₹160.68,"1,19,614"
Prakash Nagar,"31,680","31,240","21,504","18,050","17,612","11,883",98.60%,68.80%,83.90%,97.60%,"5,726",32.50%,37.50%,"₹14,28,345",5.8,₹106.77,"81,508"
Shakthi Ganapathi Nagar,"28,404","28,027","18,358","16,589","16,159","11,738",98.70%,65.50%,90.40%,97.40%,"4,411",27.30%,41.30%,"₹15,11,742",7.8,₹133.40,"88,770"
Chandra Layout,"30,463","30,128","20,480","17,011","16,580","11,183",98.90%,68.00%,83.10%,97.50%,"5,394",32.50%,36.70%,"₹14,42,155",7.4,₹128.25,"83,938"
Puneet Rajkumar,"29,323","28,876","19,221","16,614","16,178","11,036",98.50%,66.60%,86.40%,97.40%,"5,140",31.80%,37.60%,"₹13,35,987",7.2,₹124.46,"77,505"
Agrahara Dasarahalli,"27,404","26,913","16,820","15,289","14,938","10,952",98.20%,62.50%,90.90%,97.70%,"3,983",26.70%,40.00%,"₹14,71,133",7.7,₹130.96,"86,391"
Herohalli,"29,722","29,370","18,118","16,213","15,731","10,767",98.80%,61.70%,89.50%,97.00%,"4,965",31.60%,36.20%,"₹16,29,652",8.4,₹143.27,"97,723"
Nandini Layout,"27,435","27,098","18,337","15,711","15,374","10,548",98.80%,67.70%,85.70%,97.90%,"4,821",31.40%,38.50%,"₹13,25,029",7.1,₹123.13,"77,431"
Binnipete,"36,199","35,693","26,335","18,496","18,165","10,290",98.60%,73.80%,70.20%,98.20%,"7,871",43.30%,28.40%,"₹13,35,432",7.9,₹138.39,"76,917"
Hongasandra,"43,868","43,290","34,483","17,037","16,684","9,792",98.70%,79.70%,49.40%,97.90%,"6,891",41.30%,22.30%,"₹14,35,206",8.7,₹152.94,"82,139"
Rajagopal Nagar,"30,530","30,068","21,509","15,530","15,132","9,783",98.50%,71.50%,72.20%,97.40%,"5,346",35.30%,32.00%,"₹12,98,915",7,₹121.85,"76,326"
Ranadheera Kanteerava,"29,254","28,821","18,558","15,472","14,936","9,553",98.50%,64.40%,83.40%,96.50%,"5,380",36.00%,32.70%,"₹11,72,787",7.8,₹134.18,"68,177"
Cottonpete,"39,767","39,111","29,435","19,108","18,779","8,969",98.40%,75.30%,64.90%,98.30%,"9,808",52.20%,22.60%,"₹12,45,201",8.2,₹139.63,"72,717"
Nagavara,"38,814","38,330","27,287","16,219","15,915","8,943",98.80%,71.20%,59.40%,98.10%,"6,967",43.80%,23.00%,"₹11,67,538",7.7,₹136.36,"65,928"
Dayananda Nagar,"21,104","20,735","15,148","11,917","11,693","7,822",98.30%,73.10%,78.70%,98.10%,"3,870",33.10%,37.10%,"₹8,80,460",5.7,₹106.98,"50,242"
Mudalapalya,"21,083","20,814","12,783","11,427","11,131","7,618",98.70%,61.40%,89.40%,97.40%,"3,509",31.50%,36.10%,"₹9,72,766",7.1,₹124.71,"56,455"
Nayandahalli,"25,536","25,208","16,408","12,324","12,036","7,477",98.70%,65.10%,75.10%,97.70%,"4,555",37.80%,29.30%,"₹10,62,503",7.9,₹140.35,"61,963"
Azad Nagar,"23,366","23,086","16,786","12,203","11,925","7,221",98.80%,72.70%,72.70%,97.70%,"4,701",39.40%,30.90%,"₹8,95,034",7.8,₹135.61,"51,678"
Jai Maruthinagara,"20,301","20,031","13,476","11,420","10,977","7,092",98.70%,67.30%,84.70%,96.10%,"3,879",35.30%,34.90%,"₹8,33,297",7.2,₹124.15,"48,261"
Mallasandra,"21,960","21,722","15,338","10,989","10,611","6,944",98.90%,70.60%,71.70%,96.60%,"3,668",34.60%,31.60%,"₹8,69,098",7.2,₹125.33,"50,442"
Sunkadakatte,"20,916","20,646","13,003","10,903","10,559","6,646",98.70%,63.00%,83.90%,96.80%,"3,908",37.00%,31.80%,"₹8,63,306",6.4,₹114.25,"50,336"
Veera Sindhura Lakshamana,"20,907","20,623","13,149","10,664","10,351","6,643",98.60%,63.80%,81.10%,97.10%,"3,707",35.80%,31.80%,"₹8,22,601",6.4,₹115.23,"47,906"
Venkateshpura,"28,655","28,443","22,232","12,163","12,005","6,486",99.30%,78.20%,54.70%,98.70%,"5,515",45.90%,22.60%,"₹7,63,111",7.5,₹130.05,"42,387"
Hegganahalli,"18,735","18,454","11,969","9,854","9,494","5,889",98.50%,64.90%,82.30%,96.30%,"3,601",37.90%,31.40%,"₹7,72,818",7.1,₹122.83,"45,213"
Kaveripura,"17,367","17,077","11,297","9,194","8,999","5,808",98.30%,66.20%,81.40%,97.90%,"3,189",35.40%,33.40%,"₹7,84,024",8.7,₹145.70,"46,280"
Vrisabhavathi Nagar,"16,670","16,411","10,422","8,931","8,693","5,642",98.50%,63.50%,85.70%,97.30%,"3,048",35.10%,33.90%,"₹7,02,036",6.9,₹120.27,"40,962"
Rajeshwari Nagar,"17,589","17,391","10,976","8,860","8,466","5,234",98.90%,63.10%,80.70%,95.60%,"3,230",38.10%,29.80%,"₹6,36,689",7.7,₹133.15,"36,982"
Muneshwara Nagar,"18,748","18,549","13,681","7,939","7,807","4,147",98.90%,73.80%,58.00%,98.30%,"3,657",46.80%,22.10%,"₹5,27,670",7.4,₹133.38,"29,843"
Jagajivanaram Nagar,"15,539","15,325","11,192","7,883","7,741","3,912",98.60%,73.00%,70.40%,98.20%,"3,828",49.50%,25.20%,"₹5,26,683",9,₹151.77,"30,683"
Lakshmi Devi Nagar,"12,119","11,963","7,690","6,388","6,177","3,784",98.70%,64.30%,83.10%,96.70%,"2,391",38.70%,31.20%,"₹4,46,034",6.8,₹117.41,"25,779"
Chalavadipalya,"13,832","13,692","10,047","6,678","6,564","3,633",99.00%,73.40%,66.50%,98.30%,"2,927",44.60%,26.30%,"₹4,84,100",6.7,₹118.84,"27,960"
S K Garden,"15,449","15,314","11,847","6,258","6,196","3,304",99.10%,77.40%,52.80%,99.00%,"2,890",46.60%,21.40%,"₹4,39,557",8.1,₹151.05,"24,870"
Padarayanapura,"12,367","12,193","8,649","6,012","5,788","2,906",98.60%,70.90%,69.50%,96.30%,"2,878",49.70%,23.50%,"₹4,11,262",9.1,₹156.52,"23,313"
Bapuji Nagar,"10,709","10,590","6,963","5,362","5,280","2,752",98.90%,65.80%,77.00%,98.50%,"2,528",47.90%,25.70%,"₹3,47,480",8.1,₹139.65,"19,935"
Kempapura Agrahara,"9,706","9,541","6,298","4,548","4,466","2,476",98.30%,66.00%,72.20%,98.20%,"1,989",44.50%,25.50%,"₹2,91,135",6.2,₹113.76,"16,660"
Devaraj Urs Nagar,"10,356","10,271","7,151","5,118","5,014","2,193",99.20%,69.60%,71.60%,98.00%,"2,820",56.20%,21.20%,"₹2,77,810",8.8,₹160.84,"15,791"
Devara Jeevanahalli,"5,090","5,027","3,858","1,899","1,860",685,98.80%,76.70%,49.20%,97.90%,"1,175",63.20%,13.50%,"₹94,786",7.4,₹129.83,"5,355"
Bangalore Total,"4,28,95,930","4,21,03,616","3,34,86,399","1,81,76,140","1,77,43,432","1,10,88,828",98.20%,79.50%,54.30%,97.60%,"66,50,751",37.50%,25.90%,"₹1,62,89,21,182",8.4,₹146.90,"9,32,63,552"
